model,concat_variant,reference_variant,layer,mean_cos,std_across_pairs,n_pairs,n_rows_total,sem_across_pairs
Llama-3.2-3B-Instruct,negpos,negative,0,0.5011408427756247,0.1167592116704063,150,15000,0.00953334971207034
Llama-3.2-3B-Instruct,negpos,negative,1,0.4537458791944793,0.09356644079844653,150,15000,0.007639667900150809
Llama-3.2-3B-Instruct,negpos,negative,2,0.44523499011203826,0.06683113189362958,150,15000,0.005456739069067846
Llama-3.2-3B-Instruct,negpos,negative,3,0.38375264856732483,0.0407121489261124,150,15000,0.0033241330400391165
Llama-3.2-3B-Instruct,negpos,negative,4,0.23403486019681685,0.03163921666252353,150,15000,0.0025833312228182
Llama-3.2-3B-Instruct,negpos,negative,5,0.2548394639888023,0.04992883322732367,150,15000,0.004076672161982042
Llama-3.2-3B-Instruct,negpos,negative,6,0.23381683573858317,0.05473787427489711,150,15000,0.004469328719270522
Llama-3.2-3B-Instruct,negpos,negative,7,0.24706072960680048,0.06463830184446928,150,15000,0.00527769524529835
Llama-3.2-3B-Instruct,negpos,negative,8,0.24687218579595704,0.06685250654828268,150,15000,0.005458484302312122
Llama-3.2-3B-Instruct,negpos,negative,9,0.24588791631369603,0.07790573257197103,150,15000,0.006360976427968412
Llama-3.2-3B-Instruct,negpos,negative,10,0.2549107869725923,0.08590301858418818,150,15000,0.0070139520965360564
Llama-3.2-3B-Instruct,negpos,negative,11,0.25426887833852396,0.08987955329345422,150,15000,0.007338634795941671
Llama-3.2-3B-Instruct,negpos,negative,12,0.25202093608987547,0.08259423608967636,150,15000,0.006743791137155815
Llama-3.2-3B-Instruct,negpos,negative,13,0.2768845896150614,0.08237418650919143,150,15000,0.006725824164145762
Llama-3.2-3B-Instruct,negpos,negative,14,0.2754944572323954,0.08357326528945093,150,15000,0.006823728536580249
Llama-3.2-3B-Instruct,negpos,negative,15,0.26763579789483977,0.07997799282328276,150,15000,0.006530175768967259
Llama-3.2-3B-Instruct,negpos,negative,16,0.26510610944322316,0.08747953658374949,150,15000,0.007142674252177339
Llama-3.2-3B-Instruct,negpos,negative,17,0.25525355662132737,0.0889675762335858,150,15000,0.007264172180814962
Llama-3.2-3B-Instruct,negpos,negative,18,0.24840243010110824,0.08939484600459706,150,15000,0.007299058611531409
Llama-3.2-3B-Instruct,negpos,negative,19,0.24691614645390478,0.0895686908031794,150,15000,0.007313252979896864
Llama-3.2-3B-Instruct,negpos,negative,20,0.24717105888697252,0.09104050809590387,150,15000,0.0074334263586228475
Llama-3.2-3B-Instruct,negpos,negative,21,0.2418225730499095,0.09052180523609639,150,15000,0.007391074447467823
Llama-3.2-3B-Instruct,negpos,negative,22,0.2370933260685969,0.0895478552905718,150,15000,0.007311551767416265
Llama-3.2-3B-Instruct,negpos,negative,23,0.23221333872571204,0.08891254415881844,150,15000,0.007259678830726072
Llama-3.2-3B-Instruct,negpos,negative,24,0.2245586795595427,0.08801404353360603,150,15000,0.0071863165618813365
Llama-3.2-3B-Instruct,negpos,negative,25,0.22031075806251163,0.08722529568619619,150,15000,0.007121915569818912
Llama-3.2-3B-Instruct,negpos,negative,26,0.21977241022885632,0.08710384989063806,150,15000,0.007111999562134786
Llama-3.2-3B-Instruct,negpos,negative,27,0.21781283762034528,0.08920021387874794,150,15000,0.007283166965001958
Llama-3.2-3B-Instruct,negpos,positive,0,0.40088022084291836,0.13435877622450673,150,15000,0.010970348140494319
Llama-3.2-3B-Instruct,negpos,positive,1,0.36841633031697996,0.10764173500658661,150,15000,0.008788910859800629
Llama-3.2-3B-Instruct,negpos,positive,2,0.35997003879050243,0.08640537583869749,150,15000,0.007054969394607165
Llama-3.2-3B-Instruct,negpos,positive,3,0.2552216337850186,0.046964463944093184,150,15000,0.003834632423545555
Llama-3.2-3B-Instruct,negpos,positive,4,0.1223106312405334,0.04364904336261292,150,15000,0.00356392946663395
Llama-3.2-3B-Instruct,negpos,positive,5,0.14424493651489612,0.0632993164995484,150,15000,0.005168367549694327
Llama-3.2-3B-Instruct,negpos,positive,6,0.1269096847294996,0.07006535677892133,150,15000,0.0057208124251470534
Llama-3.2-3B-Instruct,negpos,positive,7,0.16933463966007042,0.08597332126674402,150,15000,0.007019692286529745
Llama-3.2-3B-Instruct,negpos,positive,8,0.1818786125444544,0.08761735781833002,150,15000,0.007153927308858763
Llama-3.2-3B-Instruct,negpos,positive,9,0.2102020079245296,0.1011468943904997,150,15000,0.00825860934413008
Llama-3.2-3B-Instruct,negpos,positive,10,0.22604031766880983,0.11256463592138402,150,15000,0.009190864036318434
Llama-3.2-3B-Instruct,negpos,positive,11,0.22460660281950975,0.10790294978926435,150,15000,0.008810238957495043
Llama-3.2-3B-Instruct,negpos,positive,12,0.21420592111518655,0.09371984706016015,150,15000,0.007652193468969016
Llama-3.2-3B-Instruct,negpos,positive,13,0.22569465830943405,0.08878802590316744,150,15000,0.007249511957725859
Llama-3.2-3B-Instruct,negpos,positive,14,0.21451971979619572,0.08549235026857326,150,15000,0.0069804211689765625
Llama-3.2-3B-Instruct,negpos,positive,15,0.19911104010685735,0.08060276447241407,150,15000,0.006581188160504888
Llama-3.2-3B-Instruct,negpos,positive,16,0.19014239744327682,0.08507596328030316,150,15000,0.00694642331375003
Llama-3.2-3B-Instruct,negpos,positive,17,0.18394329801058523,0.08387061869311559,150,15000,0.00684800734032219
Llama-3.2-3B-Instruct,negpos,positive,18,0.17681886080396605,0.08375404058095265,150,15000,0.006838488777322986
Llama-3.2-3B-Instruct,negpos,positive,19,0.17596241891112457,0.08247569300457566,150,15000,0.0067341121347880804
Llama-3.2-3B-Instruct,negpos,positive,20,0.17410027724845584,0.08452512555378706,150,15000,0.006901447601715391
Llama-3.2-3B-Instruct,negpos,positive,21,0.16987530790414218,0.08401653545522533,150,15000,0.006859921394058456
Llama-3.2-3B-Instruct,negpos,positive,22,0.1659221185649984,0.08315349586350321,150,15000,0.006789454506473818
Llama-3.2-3B-Instruct,negpos,positive,23,0.1625793759872161,0.08251231493063016,150,15000,0.0067371023025291285
Llama-3.2-3B-Instruct,negpos,positive,24,0.15609344249252852,0.08117660311095325,150,15000,0.006628041889142034
Llama-3.2-3B-Instruct,negpos,positive,25,0.1541488202002267,0.07920740203977811,150,15000,0.006467257294964662
Llama-3.2-3B-Instruct,negpos,positive,26,0.1583101032910333,0.07778393065592834,150,15000,0.006351031343168482
Llama-3.2-3B-Instruct,negpos,positive,27,0.15853957959644333,0.07850232080253094,150,15000,0.006409687653015802
Llama-3.2-3B-Instruct,posneg,negative,0,0.5055736557585855,0.11796754163833666,150,15000,0.009632009440815104
Llama-3.2-3B-Instruct,posneg,negative,1,0.45591112045674315,0.09459877811743603,150,15000,0.007723957889282711
Llama-3.2-3B-Instruct,posneg,negative,2,0.4392294337299013,0.0673890287231155,150,15000,0.005502291154446413
Llama-3.2-3B-Instruct,posneg,negative,3,0.37509700821152,0.03995451099002368,150,15000,0.003262272161599359
Llama-3.2-3B-Instruct,posneg,negative,4,0.22618197234534193,0.02976662559151796,150,15000,0.0024304348021230164
Llama-3.2-3B-Instruct,posneg,negative,5,0.24762165854445015,0.05052685848943629,150,15000,0.004125500720164378
Llama-3.2-3B-Instruct,posneg,negative,6,0.22733990909372362,0.05564571958251508,150,15000,0.004543453978238658
Llama-3.2-3B-Instruct,posneg,negative,7,0.24132481643662368,0.06549974074755537,150,15000,0.005348031437203141
Llama-3.2-3B-Instruct,posneg,negative,8,0.2437486964155939,0.07057433768759788,150,15000,0.005762370542316243
Llama-3.2-3B-Instruct,posneg,negative,9,0.2453637808665925,0.08115228702552664,150,15000,0.006626056489080797
Llama-3.2-3B-Instruct,posneg,negative,10,0.25340867489687485,0.08830890433242834,150,15000,0.007210391845290139
Llama-3.2-3B-Instruct,posneg,negative,11,0.2530383809882326,0.09149863425412855,150,15000,0.007470832202805248
Llama-3.2-3B-Instruct,posneg,negative,12,0.2408537343019301,0.08309636375171552,150,15000,0.006784789689080235
Llama-3.2-3B-Instruct,posneg,negative,13,0.2396276304318996,0.08009784926765032,150,15000,0.006539962006670085
Llama-3.2-3B-Instruct,posneg,negative,14,0.23552564046488147,0.0790797021291631,150,15000,0.006456830640924469
Llama-3.2-3B-Instruct,posneg,negative,15,0.21949178370240152,0.07630922594654171,150,15000,0.006230622207859263
Llama-3.2-3B-Instruct,posneg,negative,16,0.21414548599917102,0.08292064115778291,150,15000,0.006770441999366463
Llama-3.2-3B-Instruct,posneg,negative,17,0.2055790770514875,0.08449428316082265,150,15000,0.006898929330875083
Llama-3.2-3B-Instruct,posneg,negative,18,0.1970622281774706,0.08407888984072621,150,15000,0.0068650126083151875
Llama-3.2-3B-Instruct,posneg,negative,19,0.1962651902997698,0.08429166469514261,150,15000,0.0068823856024290255
Llama-3.2-3B-Instruct,posneg,negative,20,0.19459229048265073,0.08625237724167684,150,15000,0.007042477111471755
Llama-3.2-3B-Instruct,posneg,negative,21,0.18728528635274144,0.085840157417821,150,15000,0.007008819503794863
Llama-3.2-3B-Instruct,posneg,negative,22,0.1816558666166248,0.08463718577301219,150,15000,0.006910597280300923
Llama-3.2-3B-Instruct,posneg,negative,23,0.17732183622681674,0.08358600534516306,150,15000,0.006824768757773227
Llama-3.2-3B-Instruct,posneg,negative,24,0.16901860502712757,0.08247333256045508,150,15000,0.006733919405332687
Llama-3.2-3B-Instruct,posneg,negative,25,0.16558509509580935,0.08100944442989305,150,15000,0.006614393439986229
Llama-3.2-3B-Instruct,posneg,negative,26,0.1677802210018329,0.08086471163679429,150,15000,0.006602576056914904
Llama-3.2-3B-Instruct,posneg,negative,27,0.16746473197220332,0.08202644694008526,150,15000,0.006697431347222916
Llama-3.2-3B-Instruct,posneg,positive,0,0.3963881291928437,0.1332066539657175,150,15000,0.010876277751983104
Llama-3.2-3B-Instruct,posneg,positive,1,0.3663678248593301,0.10622670847636345,150,15000,0.008673374427415705
Llama-3.2-3B-Instruct,posneg,positive,2,0.36575830678019744,0.0848400975053978,150,15000,0.00692716495387322
Llama-3.2-3B-Instruct,posneg,positive,3,0.2621587892122571,0.04934334067959857,150,15000,0.004028866895644421
Llama-3.2-3B-Instruct,posneg,positive,4,0.12749059362618814,0.0450487740184861,150,15000,0.003678216996107968
Llama-3.2-3B-Instruct,posneg,positive,5,0.1474305560248009,0.06483429331491371,150,15000,0.005293697881849237
Llama-3.2-3B-Instruct,posneg,positive,6,0.12957488300418316,0.07220081696467928,150,15000,0.005895172019184919
Llama-3.2-3B-Instruct,posneg,positive,7,0.1719819069268411,0.08752194546003418,150,15000,0.0071461369224260825
Llama-3.2-3B-Instruct,posneg,positive,8,0.18054184899736295,0.08821340053333245,150,15000,0.007202593992747398
Llama-3.2-3B-Instruct,posneg,positive,9,0.20606651371007523,0.09929047961748261,150,15000,0.008107033712634862
Llama-3.2-3B-Instruct,posneg,positive,10,0.22412966494534445,0.11146267830326323,150,15000,0.009100889573566145
Llama-3.2-3B-Instruct,posneg,positive,11,0.22283115126112804,0.10532941934759815,150,15000,0.008600111076841657
Llama-3.2-3B-Instruct,posneg,positive,12,0.22841616683373536,0.08903878643811819,150,15000,0.007269986469667748
Llama-3.2-3B-Instruct,posneg,positive,13,0.2706284486415363,0.0872515114932419,150,15000,0.00712405608150082
Llama-3.2-3B-Instruct,posneg,positive,14,0.2609702946281933,0.08631500085117984,150,15000,0.00704759030777621
Llama-3.2-3B-Instruct,posneg,positive,15,0.25345586796948827,0.08179570635860871,150,15000,0.006678591457637227
Llama-3.2-3B-Instruct,posneg,positive,16,0.2464094529786808,0.08541810814882517,150,15000,0.006974359325283048
Llama-3.2-3B-Instruct,posneg,positive,17,0.23904999971992383,0.08385832185589782,150,15000,0.0068470033077677375
Llama-3.2-3B-Instruct,posneg,positive,18,0.23435998274919523,0.08390327788882943,150,15000,0.0068506739524858105
Llama-3.2-3B-Instruct,posneg,positive,19,0.23328017538624682,0.08356005846513972,150,15000,0.006822650203890748
Llama-3.2-3B-Instruct,posneg,positive,20,0.23275565910150803,0.08613697884247788,150,15000,0.0070330548716327065
Llama-3.2-3B-Instruct,posneg,positive,21,0.23171826310804136,0.08671542470078654,150,15000,0.007080284778188789
Llama-3.2-3B-Instruct,posneg,positive,22,0.22835150988722214,0.08622416061602388,150,15000,0.007040173233634659
Llama-3.2-3B-Instruct,posneg,positive,23,0.22451381701636108,0.08610131569749614,150,15000,0.0070301429880384346
Llama-3.2-3B-Instruct,posneg,positive,24,0.2186204696175303,0.08490577570473123,150,15000,0.006932527556392944
Llama-3.2-3B-Instruct,posneg,positive,25,0.21545251709700808,0.08316584797755971,150,15000,0.006790463052363254
Llama-3.2-3B-Instruct,posneg,positive,26,0.2160581598059776,0.08197273960853331,150,15000,0.006693046161964623
Llama-3.2-3B-Instruct,posneg,positive,27,0.2150658703862811,0.08183014430296895,150,15000,0.006681403304019659
Qwen2.5-1.5B-Instruct,negpos,negative,0,0.0956074627329012,0.10579147058684996,150,15000,0.008637837402547909
Qwen2.5-1.5B-Instruct,negpos,negative,1,0.1508360728341439,0.09251905492906144,150,15000,0.007554149202024314
Qwen2.5-1.5B-Instruct,negpos,negative,2,0.16586533252805397,0.09307724187594817,150,15000,0.007599724975389464
Qwen2.5-1.5B-Instruct,negpos,negative,3,0.20416152531259596,0.058939651292870654,150,15000,0.004812402376170132
Qwen2.5-1.5B-Instruct,negpos,negative,4,0.20855310344116418,0.05853378540371512,150,15000,0.004779263565089063
Qwen2.5-1.5B-Instruct,negpos,negative,5,0.2379945245883375,0.07701410021434894,150,15000,0.006288174950824116
Qwen2.5-1.5B-Instruct,negpos,negative,6,0.2825269996028333,0.07821625010791178,150,15000,0.006386330078609785
Qwen2.5-1.5B-Instruct,negpos,negative,7,0.3195156550703308,0.07647996462160006,150,15000,0.00624456296230099
Qwen2.5-1.5B-Instruct,negpos,negative,8,0.3369569024310604,0.0737829526244859,150,15000,0.0060243528548645136
Qwen2.5-1.5B-Instruct,negpos,negative,9,0.3531417352377923,0.07554898278298727,150,15000,0.006168548613487675
Qwen2.5-1.5B-Instruct,negpos,negative,10,0.39402242884111827,0.07122233424567495,150,15000,0.005815279239728529
Qwen2.5-1.5B-Instruct,negpos,negative,11,0.45160107762120805,0.08636868823716265,150,15000,0.007051973864485602
Qwen2.5-1.5B-Instruct,negpos,negative,12,0.4699534823090687,0.08271061053269292,150,15000,0.006753293070638854
Qwen2.5-1.5B-Instruct,negpos,negative,13,0.5633694624955093,0.07377967339384642,150,15000,0.006024085106803992
Qwen2.5-1.5B-Instruct,negpos,negative,14,0.5634686605225563,0.07261638401595658,150,15000,0.005929102926836332
Qwen2.5-1.5B-Instruct,negpos,negative,15,0.5678455653108997,0.06716469742128738,150,15000,0.00548397458035264
Qwen2.5-1.5B-Instruct,negpos,negative,16,0.5743372954240517,0.06613071560212391,150,15000,0.0053995503183438005
Qwen2.5-1.5B-Instruct,negpos,negative,17,0.5507151458600726,0.07178262345110568,150,15000,0.00586102666178502
Qwen2.5-1.5B-Instruct,negpos,negative,18,0.5546102480037092,0.06587641024075014,150,15000,0.005378786372536473
Qwen2.5-1.5B-Instruct,negpos,negative,19,0.5309886905609125,0.06565967944977716,150,15000,0.005361090377555353
Qwen2.5-1.5B-Instruct,negpos,negative,20,0.5162060160173552,0.07085838310068517,150,15000,0.00578556275317764
Qwen2.5-1.5B-Instruct,negpos,negative,21,0.4930838996055162,0.07340190089723035,150,15000,0.005993240111618437
Qwen2.5-1.5B-Instruct,negpos,negative,22,0.47219524518751,0.0784711805702757,150,15000,0.006407145063699232
Qwen2.5-1.5B-Instruct,negpos,negative,23,0.4640134132493043,0.08060809536750509,150,15000,0.006581623426266397
Qwen2.5-1.5B-Instruct,negpos,negative,24,0.45536486808782617,0.07816651232797389,150,15000,0.006382269005883563
Qwen2.5-1.5B-Instruct,negpos,negative,25,0.4429916368312206,0.07422971392860475,150,15000,0.006060830762594898
Qwen2.5-1.5B-Instruct,negpos,negative,26,0.4352683133388981,0.07695830350572044,150,15000,0.006283619168641897
Qwen2.5-1.5B-Instruct,negpos,negative,27,0.3143505040734745,0.09627403222867237,150,15000,0.007860741814683669
Qwen2.5-1.5B-Instruct,negpos,positive,0,0.0450720908818742,0.09238092458623376,150,15000,0.007542870906760197
Qwen2.5-1.5B-Instruct,negpos,positive,1,0.09526526479577287,0.07969039882963473,150,15000,0.006506693817716362
Qwen2.5-1.5B-Instruct,negpos,positive,2,0.10643454540955223,0.0801349151042308,150,15000,0.0065429884195538045
Qwen2.5-1.5B-Instruct,negpos,positive,3,0.11317495318735643,0.06320290341976724,150,15000,0.0051604954546945235
Qwen2.5-1.5B-Instruct,negpos,positive,4,0.10909934840089629,0.06549966611518933,150,15000,0.005348025343495972
Qwen2.5-1.5B-Instruct,negpos,positive,5,0.1599375745341907,0.07705247511884439,150,15000,0.006291308248655513
Qwen2.5-1.5B-Instruct,negpos,positive,6,0.19190051864861135,0.07983630962387107,150,15000,0.006518607384177804
Qwen2.5-1.5B-Instruct,negpos,positive,7,0.22421246898128003,0.07938156969938938,150,15000,0.006481478024822741
Qwen2.5-1.5B-Instruct,negpos,positive,8,0.23178386079420307,0.07451466914058565,150,15000,0.006084097258224892
Qwen2.5-1.5B-Instruct,negpos,positive,9,0.2505400471283946,0.07408918827055848,150,15000,0.006049356890662158
Qwen2.5-1.5B-Instruct,negpos,positive,10,0.309103804001824,0.06694187426044354,150,15000,0.00546578114545459
Qwen2.5-1.5B-Instruct,negpos,positive,11,0.37180111150896744,0.08469940662759093,150,15000,0.006915677591803517
Qwen2.5-1.5B-Instruct,negpos,positive,12,0.40179906307492297,0.07936721729016653,150,15000,0.0064803061555168875
Qwen2.5-1.5B-Instruct,negpos,positive,13,0.5135462786544807,0.0658301537945461,150,15000,0.005375009549519326
Qwen2.5-1.5B-Instruct,negpos,positive,14,0.5066255175403335,0.07308056532352696,150,15000,0.00596700317189251
Qwen2.5-1.5B-Instruct,negpos,positive,15,0.5116016712070321,0.0665115817589377,150,15000,0.005430647909826755
Qwen2.5-1.5B-Instruct,negpos,positive,16,0.525537734909731,0.06504406937735518,150,15000,0.005310826025623631
Qwen2.5-1.5B-Instruct,negpos,positive,17,0.49348760426188076,0.0733400283456508,150,15000,0.005988188238936639
Qwen2.5-1.5B-Instruct,negpos,positive,18,0.4924580710030937,0.06422628593811888,150,15000,0.005244054287416056
Qwen2.5-1.5B-Instruct,negpos,positive,19,0.47832603253219913,0.06444099951534275,150,15000,0.005261585577584261
Qwen2.5-1.5B-Instruct,negpos,positive,20,0.4644451869733952,0.06570852321235951,150,15000,0.005365078454070167
Qwen2.5-1.5B-Instruct,negpos,positive,21,0.4459178944191479,0.06963989109454255,150,15000,0.005686073297487319
Qwen2.5-1.5B-Instruct,negpos,positive,22,0.4011513777849234,0.0851743320688323,150,15000,0.006954455091700435
Qwen2.5-1.5B-Instruct,negpos,positive,23,0.3944446562210882,0.08877145659443321,150,15000,0.007248159079332876
Qwen2.5-1.5B-Instruct,negpos,positive,24,0.38028747556267384,0.08628872906490036,150,15000,0.007045445225409004
Qwen2.5-1.5B-Instruct,negpos,positive,25,0.3718006321807945,0.08217993704120684,150,15000,0.006709963761500117
Qwen2.5-1.5B-Instruct,negpos,positive,26,0.3659509362831091,0.08068891405206052,150,15000,0.006588222244227857
Qwen2.5-1.5B-Instruct,negpos,positive,27,0.23020684191036192,0.08319441807479551,150,15000,0.0067927957910342346
Qwen2.5-1.5B-Instruct,posneg,negative,0,0.09677503706474108,0.10671234263867871,150,15000,0.008713026290726917
Qwen2.5-1.5B-Instruct,posneg,negative,1,0.1514578002197543,0.09309163219721074,150,15000,0.007600899940200399
Qwen2.5-1.5B-Instruct,posneg,negative,2,0.16492630737881744,0.0930886203337824,150,15000,0.007600654022581253
Qwen2.5-1.5B-Instruct,posneg,negative,3,0.20158419414383832,0.05898534473149614,150,15000,0.0048161332298109856
Qwen2.5-1.5B-Instruct,posneg,negative,4,0.20562080523081402,0.05847515601488793,150,15000,0.004774476495537135
Qwen2.5-1.5B-Instruct,posneg,negative,5,0.2349721190486431,0.07693187045888332,150,15000,0.006281460919405296
Qwen2.5-1.5B-Instruct,posneg,negative,6,0.2794874620150035,0.07822893035298883,150,15000,0.006387365416284859
Qwen2.5-1.5B-Instruct,posneg,negative,7,0.3156943329046612,0.07650306272029912,150,15000,0.006246448914162361
Qwen2.5-1.5B-Instruct,posneg,negative,8,0.33303130716567525,0.07378880098417456,150,15000,0.006024830371433496
Qwen2.5-1.5B-Instruct,posneg,negative,9,0.349149600423928,0.07570744891690645,150,15000,0.006181487319141459
Qwen2.5-1.5B-Instruct,posneg,negative,10,0.38996973939732665,0.07113124570351684,150,15000,0.00580784189140515
Qwen2.5-1.5B-Instruct,posneg,negative,11,0.44618986965480656,0.08523352170765133,150,15000,0.006959287905472643
Qwen2.5-1.5B-Instruct,posneg,negative,12,0.46357324732380817,0.08101023644668022,150,15000,0.006614458107886106
Qwen2.5-1.5B-Instruct,posneg,negative,13,0.5542824931051835,0.07134519569546557,150,15000,0.005825310835096716
Qwen2.5-1.5B-Instruct,posneg,negative,14,0.5528707167095155,0.07076630706873933,150,15000,0.005778044776650724
Qwen2.5-1.5B-Instruct,posneg,negative,15,0.5561506481608347,0.06610943568340133,150,15000,0.005397812820255859
Qwen2.5-1.5B-Instruct,posneg,negative,16,0.5635024055929283,0.06571533591835697,150,15000,0.0053656347091855456
Qwen2.5-1.5B-Instruct,posneg,negative,17,0.5393539249797786,0.0712245507956051,150,15000,0.005815460220272471
Qwen2.5-1.5B-Instruct,posneg,negative,18,0.535105032695305,0.06150577437046229,150,15000,0.005021925448079462
Qwen2.5-1.5B-Instruct,posneg,negative,19,0.5126093426330507,0.06309080156765358,150,15000,0.0051513423767978765
Qwen2.5-1.5B-Instruct,posneg,negative,20,0.4986712730589963,0.06641306912277656,150,15000,0.0054226043867663795
Qwen2.5-1.5B-Instruct,posneg,negative,21,0.47562335521196125,0.06955046496184374,150,15000,0.005678771684327902
Qwen2.5-1.5B-Instruct,posneg,negative,22,0.4361740656386908,0.0788187129812357,150,15000,0.006435520966230273
Qwen2.5-1.5B-Instruct,posneg,negative,23,0.42969042262598445,0.08104471611985758,150,15000,0.006617273361412188
Qwen2.5-1.5B-Instruct,posneg,negative,24,0.41989860758035324,0.07756225989740893,150,15000,0.006332932001526207
Qwen2.5-1.5B-Instruct,posneg,negative,25,0.40879006851496585,0.07421561917902045,150,15000,0.006059679931110436
Qwen2.5-1.5B-Instruct,posneg,negative,26,0.3982036283526678,0.07486906148145445,150,15000,0.006113033271687527
Qwen2.5-1.5B-Instruct,posneg,negative,27,0.2818076293247747,0.09245865063240409,150,15000,0.007549217211854907
Qwen2.5-1.5B-Instruct,posneg,positive,0,0.0442185512694309,0.09264857436964229,150,15000,0.007564724420064108
Qwen2.5-1.5B-Instruct,posneg,positive,1,0.09585536260462903,0.07988867112668142,150,15000,0.006522882682979493
Qwen2.5-1.5B-Instruct,posneg,positive,2,0.10780968360544402,0.08100600853910055,150,15000,0.006614112900677777
Qwen2.5-1.5B-Instruct,posneg,positive,3,0.1158374045476239,0.0636764806225118,150,15000,0.005199162871379149
Qwen2.5-1.5B-Instruct,posneg,positive,4,0.1119035291760949,0.06584501439461653,150,15000,0.00537622291243413
Qwen2.5-1.5B-Instruct,posneg,positive,5,0.16290032948051308,0.07782947267140797,150,15000,0.00635474983316125
Qwen2.5-1.5B-Instruct,posneg,positive,6,0.1948593368585123,0.0805346439527474,150,15000,0.0065756261433650015
Qwen2.5-1.5B-Instruct,posneg,positive,7,0.2286935003752184,0.08035225330779223,150,15000,0.006560734009565092
Qwen2.5-1.5B-Instruct,posneg,positive,8,0.23705784710491215,0.07525368585683917,150,15000,0.006144437720431836
Qwen2.5-1.5B-Instruct,posneg,positive,9,0.2575551062750412,0.07504051360241416,150,15000,0.0061270322787431684
Qwen2.5-1.5B-Instruct,posneg,positive,10,0.3170827512251175,0.06858478448475132,150,15000,0.00559992420354644
Qwen2.5-1.5B-Instruct,posneg,positive,11,0.38082249890017567,0.08854807633270055,150,15000,0.00722992015733773
Qwen2.5-1.5B-Instruct,posneg,positive,12,0.4109845716025261,0.08451959525358169,150,15000,0.006900996054594471
Qwen2.5-1.5B-Instruct,posneg,positive,13,0.5239212295203446,0.07020287939950537,150,15000,0.005732041100097763
Qwen2.5-1.5B-Instruct,posneg,positive,14,0.5168786973029362,0.07810123602294762,150,15000,0.006376939217896609
Qwen2.5-1.5B-Instruct,posneg,positive,15,0.5202229485976629,0.07195717013238939,150,15000,0.005875278338633063
Qwen2.5-1.5B-Instruct,posneg,positive,16,0.5337247077008513,0.07065141900937974,150,15000,0.005768664205885071
Qwen2.5-1.5B-Instruct,posneg,positive,17,0.5019935683547958,0.08094029980897065,150,15000,0.006608747805328961
Qwen2.5-1.5B-Instruct,posneg,positive,18,0.5062114122281315,0.07404192390172368,150,15000,0.006045497771106826
Qwen2.5-1.5B-Instruct,posneg,positive,19,0.49027547115586706,0.06579950215939077,150,15000,0.005372506853988909
Qwen2.5-1.5B-Instruct,posneg,positive,20,0.47663625493924844,0.06833118035556549,150,15000,0.005579217513107502
Qwen2.5-1.5B-Instruct,posneg,positive,21,0.46043298561864426,0.07027451462134401,150,15000,0.005737890091468288
Qwen2.5-1.5B-Instruct,posneg,positive,22,0.4250633607824971,0.08889152675668563,150,15000,0.00725796276702793
Qwen2.5-1.5B-Instruct,posneg,positive,23,0.41751627426949434,0.0930105085081219,150,15000,0.0075942762187230705
Qwen2.5-1.5B-Instruct,posneg,positive,24,0.4081330540427329,0.08831406348012986,150,15000,0.007210813087936019
Qwen2.5-1.5B-Instruct,posneg,positive,25,0.39769723080507957,0.08404685802206696,150,15000,0.00686239722127357
Qwen2.5-1.5B-Instruct,posneg,positive,26,0.3980025153991019,0.08455629167955285,150,15000,0.006903992305228243
Qwen2.5-1.5B-Instruct,posneg,positive,27,0.2618567326242613,0.08752246141808857,150,15000,0.007146179050224814
Qwen2.5-3B-Instruct,negpos,negative,0,0.074057162504681,0.028460105967227138,150,15000,0.0023237579215081732
Qwen2.5-3B-Instruct,negpos,negative,1,0.04736415896774399,0.03243749436401778,150,15000,0.0026485103242082897
Qwen2.5-3B-Instruct,negpos,negative,2,0.07400160474695121,0.027141572600282472,150,15000,0.002216100122913229
Qwen2.5-3B-Instruct,negpos,negative,3,0.12685562767455005,0.06436711258147589,150,15000,0.005255552734696508
Qwen2.5-3B-Instruct,negpos,negative,4,0.19426050858042213,0.053783530931578255,150,15000,0.004391406911585424
Qwen2.5-3B-Instruct,negpos,negative,5,0.21953670847641965,0.04923904719003262,150,15000,0.004020351367880059
Qwen2.5-3B-Instruct,negpos,negative,6,0.27993682513618223,0.05798382593596784,150,15000,0.004734359562582615
Qwen2.5-3B-Instruct,negpos,negative,7,0.2937442962656289,0.058146934773381245,150,15000,0.004747677343389329
Qwen2.5-3B-Instruct,negpos,negative,8,0.3225584950414841,0.06672114462200657,150,15000,0.00544775864594527
Qwen2.5-3B-Instruct,negpos,negative,9,0.33581101729463436,0.07273716375309527,150,15000,0.005938964551078242
Qwen2.5-3B-Instruct,negpos,negative,10,0.345437884440941,0.0744878548538471,150,15000,0.006081907880880688
Qwen2.5-3B-Instruct,negpos,negative,11,0.3456309064646471,0.06621738561013649,150,15000,0.005406626894864925
Qwen2.5-3B-Instruct,negpos,negative,12,0.44979103890416555,0.11040223289241574,150,15000,0.009014304568344398
Qwen2.5-3B-Instruct,negpos,negative,13,0.45762693157460194,0.10802965616622445,150,15000,0.00882058448985201
Qwen2.5-3B-Instruct,negpos,negative,14,0.4751378064854502,0.10809216607031069,150,15000,0.008825688402148063
Qwen2.5-3B-Instruct,negpos,negative,15,0.5165468905821979,0.0921802402521646,150,15000,0.007526485099498875
Qwen2.5-3B-Instruct,negpos,negative,16,0.5525281351692666,0.09020654649619392,150,15000,0.007365333679144028
Qwen2.5-3B-Instruct,negpos,negative,17,0.6106309925222174,0.10719575275239476,150,15000,0.00875249656123042
Qwen2.5-3B-Instruct,negpos,negative,18,0.6566219581250857,0.09710537710104791,150,15000,0.007928620839270312
Qwen2.5-3B-Instruct,negpos,negative,19,0.6736826355309198,0.0846555333858096,150,15000,0.00691209535661265
Qwen2.5-3B-Instruct,negpos,negative,20,0.6826424194095236,0.07647979323605633,150,15000,0.0062445489687299426
Qwen2.5-3B-Instruct,negpos,negative,21,0.6712845363686072,0.07278371087177953,150,15000,0.0059427651074040145
Qwen2.5-3B-Instruct,negpos,negative,22,0.6635628260840943,0.0788241624908679,150,15000,0.006435965916828515
Qwen2.5-3B-Instruct,negpos,negative,23,0.6413814502284204,0.06246257020858299,150,15000,0.005100047501126605
Qwen2.5-3B-Instruct,negpos,negative,24,0.6324649019805532,0.06976024731448956,150,15000,0.00569590034169533
Qwen2.5-3B-Instruct,negpos,negative,25,0.6386690831649182,0.07198354542022216,150,15000,0.005877431871866706
Qwen2.5-3B-Instruct,negpos,negative,26,0.6328573892186706,0.07118162514586376,150,15000,0.005811955355647681
Qwen2.5-3B-Instruct,negpos,negative,27,0.6143276844417023,0.07828889805044713,150,15000,0.006392261758278939
Qwen2.5-3B-Instruct,negpos,negative,28,0.6125071339479153,0.08065728861859674,150,15000,0.0065856400383985025
Qwen2.5-3B-Instruct,negpos,negative,29,0.6013660282668267,0.0920588758169598,150,15000,0.00751657573485978
Qwen2.5-3B-Instruct,negpos,negative,30,0.5741990792210843,0.09022371684982261,150,15000,0.007366735632647143
Qwen2.5-3B-Instruct,negpos,negative,31,0.5039525851724869,0.09554144434842186,150,15000,0.0078009262647383065
Qwen2.5-3B-Instruct,negpos,negative,32,0.3392910144445229,0.0865737068670357,150,15000,0.007068713565517384
Qwen2.5-3B-Instruct,negpos,negative,33,0.24797755826509207,0.08419015530078083,150,15000,0.0068740973950861825
Qwen2.5-3B-Instruct,negpos,negative,34,0.24297789839253758,0.0772397948203426,150,15000,0.0063066028382368815
Qwen2.5-3B-Instruct,negpos,negative,35,0.29121752491407626,0.0685069394451366,150,15000,0.00559356818267768
Qwen2.5-3B-Instruct,negpos,positive,0,0.03758321492091352,0.034819826153568476,150,15000,0.0028430269002886477
Qwen2.5-3B-Instruct,negpos,positive,1,0.005486287322609521,0.04956026893486814,150,15000,0.004046579013517843
Qwen2.5-3B-Instruct,negpos,positive,2,0.026304369558174834,0.041260466309669265,150,15000,0.0033689029669328584
Qwen2.5-3B-Instruct,negpos,positive,3,0.07273475906179507,0.06766534152451575,150,15000,0.0055248520002074
Qwen2.5-3B-Instruct,negpos,positive,4,0.11914898794179322,0.06340040832686514,150,15000,0.0051766216628307115
Qwen2.5-3B-Instruct,negpos,positive,5,0.13559277260708386,0.05727951462744944,150,15000,0.004676852785051215
Qwen2.5-3B-Instruct,negpos,positive,6,0.19025196130814553,0.05669603458499864,150,15000,0.0046292118390811494
Qwen2.5-3B-Instruct,negpos,positive,7,0.2104894756577243,0.05954217892750279,150,15000,0.004861598551529293
Qwen2.5-3B-Instruct,negpos,positive,8,0.24422646458906394,0.0637291567736934,150,15000,0.005203463861112769
Qwen2.5-3B-Instruct,negpos,positive,9,0.2611776406997244,0.06950303468931433,150,15000,0.0056748990187926295
Qwen2.5-3B-Instruct,negpos,positive,10,0.2621360391228929,0.07182770116371462,150,15000,0.005864707241607143
Qwen2.5-3B-Instruct,negpos,positive,11,0.27131875201588934,0.06965866424863529,150,15000,0.005687606119100314
Qwen2.5-3B-Instruct,negpos,positive,12,0.3887757757057598,0.11648664749283466,150,15000,0.009511094940163277
Qwen2.5-3B-Instruct,negpos,positive,13,0.3943979093669404,0.11017213134160148,150,15000,0.008995516855393798
Qwen2.5-3B-Instruct,negpos,positive,14,0.4192042471074158,0.11394212082550301,150,15000,0.009303335207767705
Qwen2.5-3B-Instruct,negpos,positive,15,0.4694162979438577,0.09565663789652606,150,15000,0.007810331778555508
Qwen2.5-3B-Instruct,negpos,positive,16,0.5130960919968033,0.08809936012185163,150,15000,0.0071932826321412305
Qwen2.5-3B-Instruct,negpos,positive,17,0.5815174093800192,0.10527265303726457,150,15000,0.008595476127011732
Qwen2.5-3B-Instruct,negpos,positive,18,0.6321559681306502,0.0941317907358201,150,15000,0.007685828529240131
Qwen2.5-3B-Instruct,negpos,positive,19,0.6449973868345913,0.08804241668614668,150,15000,0.0071886332200852944
Qwen2.5-3B-Instruct,negpos,positive,20,0.6556009386450683,0.0751865212957082,150,15000,0.006138953756979541
Qwen2.5-3B-Instruct,negpos,positive,21,0.647941312989548,0.06886912998337946,150,15000,0.005623140916289647
Qwen2.5-3B-Instruct,negpos,positive,22,0.6385132222693195,0.07292397393308506,150,15000,0.005954217538402657
Qwen2.5-3B-Instruct,negpos,positive,23,0.6224127390014472,0.05970596095418219,150,15000,0.004874971298009407
Qwen2.5-3B-Instruct,negpos,positive,24,0.6155131093276169,0.0704420001261324,150,15000,0.005751565225669756
Qwen2.5-3B-Instruct,negpos,positive,25,0.6228201868060436,0.06769873690297933,150,15000,0.005527578721440829
Qwen2.5-3B-Instruct,negpos,positive,26,0.6182679032318489,0.06907739575987422,150,15000,0.00564014574573287
Qwen2.5-3B-Instruct,negpos,positive,27,0.6010086529038481,0.07523768593683869,150,15000,0.0061431313324342846
Qwen2.5-3B-Instruct,negpos,positive,28,0.5908411234908831,0.07847450737147232,150,15000,0.006407416695879479
Qwen2.5-3B-Instruct,negpos,positive,29,0.5799696684209268,0.08846099252567448,150,15000,0.007222809794268634
Qwen2.5-3B-Instruct,negpos,positive,30,0.5506236856136957,0.08727677165493254,150,15000,0.00712611856506623
Qwen2.5-3B-Instruct,negpos,positive,31,0.4744816170011795,0.09770772699805794,150,15000,0.007977802502413398
Qwen2.5-3B-Instruct,negpos,positive,32,0.3182605610829889,0.08465393475097842,150,15000,0.006911964828625269
Qwen2.5-3B-Instruct,negpos,positive,33,0.2443922197916899,0.07718121922317792,150,15000,0.006301820160755805
Qwen2.5-3B-Instruct,negpos,positive,34,0.23718263343739074,0.07102426674594682,150,15000,0.005799107096096437
Qwen2.5-3B-Instruct,negpos,positive,35,0.2908080745231866,0.06555839758368878,150,15000,0.005352820747818239
Qwen2.5-3B-Instruct,posneg,negative,0,0.07778539062256142,0.03155580977774843,150,15000,0.00257652107919373
Qwen2.5-3B-Instruct,posneg,negative,1,0.05040305239917189,0.03383274512620817,150,15000,0.002762432071894816
Qwen2.5-3B-Instruct,posneg,negative,2,0.07629283558390941,0.02832652954297802,150,15000,0.0023128514521389776
Qwen2.5-3B-Instruct,posneg,negative,3,0.1254119389856651,0.06444579508657082,150,15000,0.005261977134335392
Qwen2.5-3B-Instruct,posneg,negative,4,0.18771625201432407,0.05197038522173793,150,15000,0.004243364184304584
Qwen2.5-3B-Instruct,posneg,negative,5,0.2107992767907734,0.04595845227569645,150,15000,0.0037524919147836223
Qwen2.5-3B-Instruct,posneg,negative,6,0.2714533891640195,0.054852921767916056,150,15000,0.00447872230773995
Qwen2.5-3B-Instruct,posneg,negative,7,0.28462134611966955,0.054929768451135556,150,15000,0.004484996813150385
Qwen2.5-3B-Instruct,posneg,negative,8,0.31206484140325674,0.06382151981310956,150,15000,0.005211005271701508
Qwen2.5-3B-Instruct,posneg,negative,9,0.32522088051845116,0.07003963739087281,150,15000,0.0057187124459065364
Qwen2.5-3B-Instruct,posneg,negative,10,0.3350432066693008,0.07209330397317486,150,15000,0.005886393620188052
Qwen2.5-3B-Instruct,posneg,negative,11,0.335266183041755,0.06384713299892746,150,15000,0.005213096579566206
Qwen2.5-3B-Instruct,posneg,negative,12,0.44096292368613066,0.10936823672437723,150,15000,0.008929879134754817
Qwen2.5-3B-Instruct,posneg,negative,13,0.4481525570231555,0.10761099847916124,150,15000,0.008786401232845388
Qwen2.5-3B-Instruct,posneg,negative,14,0.4669074797038469,0.1077143427929,150,15000,0.00879483926072799
Qwen2.5-3B-Instruct,posneg,negative,15,0.5094693618379713,0.09155423093903253,150,15000,0.00747537165311875
Qwen2.5-3B-Instruct,posneg,negative,16,0.54564311351261,0.08929517421983642,150,15000,0.007290920444384206
Qwen2.5-3B-Instruct,posneg,negative,17,0.6040547742949478,0.10693424332559702,150,15000,0.008731144405944347
Qwen2.5-3B-Instruct,posneg,negative,18,0.649873636245319,0.09672518957841242,150,15000,0.007897578658035986
Qwen2.5-3B-Instruct,posneg,negative,19,0.6681490681695323,0.08510935555168384,150,15000,0.006949149781291203
Qwen2.5-3B-Instruct,posneg,negative,20,0.6769256806629407,0.07635149548340533,150,15000,0.006234073501091918
Qwen2.5-3B-Instruct,posneg,negative,21,0.6656160597426326,0.0734159723908159,150,15000,0.005994389044258552
Qwen2.5-3B-Instruct,posneg,negative,22,0.6567585987072763,0.07885065296564671,150,15000,0.00643812885503692
Qwen2.5-3B-Instruct,posneg,negative,23,0.626952442980437,0.06367513925983691,150,15000,0.0051990533495753655
Qwen2.5-3B-Instruct,posneg,negative,24,0.6120968811326364,0.07750389603428189,150,15000,0.006328166612056911
Qwen2.5-3B-Instruct,posneg,negative,25,0.6205122435512352,0.07623464169790756,150,15000,0.006224532429459178
Qwen2.5-3B-Instruct,posneg,negative,26,0.6166738704764824,0.07681759470206502,150,15000,0.006272130342932789
Qwen2.5-3B-Instruct,posneg,negative,27,0.598127351466138,0.08080431693712167,150,15000,0.006597644850336019
Qwen2.5-3B-Instruct,posneg,negative,28,0.5965076443865331,0.08341919863098649,150,15000,0.006811149046593131
Qwen2.5-3B-Instruct,posneg,negative,29,0.5856770773361322,0.09337021627078908,150,15000,0.0076236462345581615
Qwen2.5-3B-Instruct,posneg,negative,30,0.5584257957305275,0.08963929113324993,150,15000,0.00731901747270836
Qwen2.5-3B-Instruct,posneg,negative,31,0.48236756887848337,0.09850271193215666,150,15000,0.008042712750471463
Qwen2.5-3B-Instruct,posneg,negative,32,0.32295526522324713,0.08419980034631089,150,15000,0.006874884909756
Qwen2.5-3B-Instruct,posneg,negative,33,0.23710933551743513,0.08085717052934359,150,15000,0.006601960328069914
Qwen2.5-3B-Instruct,posneg,negative,34,0.23253049949129714,0.07361070876477703,150,15000,0.0060102892026107045
Qwen2.5-3B-Instruct,posneg,negative,35,0.28014750870567773,0.06558809763226284,150,15000,0.005355245746629649
Qwen2.5-3B-Instruct,posneg,positive,0,0.03472374058002164,0.03294301166204288,150,15000,0.002689785638752022
Qwen2.5-3B-Instruct,posneg,positive,1,0.003939639549355273,0.04914743416224932,150,15000,0.0040128711954847095
Qwen2.5-3B-Instruct,posneg,positive,2,0.02540276995100434,0.040633492361525136,150,15000,0.0033177107584338146
Qwen2.5-3B-Instruct,posneg,positive,3,0.07372897445204327,0.06749316215069187,150,15000,0.005510793613204053
Qwen2.5-3B-Instruct,posneg,positive,4,0.12344922906758765,0.0636317572025046,150,15000,0.00519551121942682
Qwen2.5-3B-Instruct,posneg,positive,5,0.14259019925230335,0.05752821754382776,150,15000,0.004697159293140179
Qwen2.5-3B-Instruct,posneg,positive,6,0.1971522327487094,0.057271413905612266,150,15000,0.004676191363882904
Qwen2.5-3B-Instruct,posneg,positive,7,0.21760003676751732,0.06000457283429429,150,15000,0.004899352855923
Qwen2.5-3B-Instruct,posneg,positive,8,0.2527935758997337,0.06500371131017173,150,15000,0.005307530803236817
Qwen2.5-3B-Instruct,posneg,positive,9,0.2703138406963587,0.07063649866287353,150,15000,0.005767445964694213
Qwen2.5-3B-Instruct,posneg,positive,10,0.271111241506902,0.0729048469196392,150,15000,0.005952655824294466
Qwen2.5-3B-Instruct,posneg,positive,11,0.2802928369122544,0.07051372778087951,150,15000,0.005757421764155653
Qwen2.5-3B-Instruct,posneg,positive,12,0.39616831065036906,0.11714860579997041,150,15000,0.009565143609612583
Qwen2.5-3B-Instruct,posneg,positive,13,0.4029690779996079,0.11175111087571069,150,15000,0.0091244399944893
Qwen2.5-3B-Instruct,posneg,positive,14,0.42738442238560037,0.11483702289669755,150,15000,0.009376403655907254
Qwen2.5-3B-Instruct,posneg,positive,15,0.4762975518827954,0.0966782177239971,150,15000,0.007893743422182992
Qwen2.5-3B-Instruct,posneg,positive,16,0.5196167976746234,0.08871252594571151,150,15000,0.007243347412013564
Qwen2.5-3B-Instruct,posneg,positive,17,0.5864756697172,0.10538491301410897,150,15000,0.00860464211573858
Qwen2.5-3B-Instruct,posneg,positive,18,0.6360933527175365,0.09357316183389616,150,15000,0.0076402166703973
Qwen2.5-3B-Instruct,posneg,positive,19,0.6469100386424267,0.08582884288261347,150,15000,0.00700789567586369
Qwen2.5-3B-Instruct,posneg,positive,20,0.6569664733851777,0.07233604670251419,150,15000,0.005906213481043115
Qwen2.5-3B-Instruct,posneg,positive,21,0.6501076682713269,0.06573953441206555,150,15000,0.005367610507923211
Qwen2.5-3B-Instruct,posneg,positive,22,0.6408733003460629,0.07067453261610201,150,15000,0.005770551423971235
Qwen2.5-3B-Instruct,posneg,positive,23,0.6343502014568991,0.05672861408910971,150,15000,0.004631871944452651
Qwen2.5-3B-Instruct,posneg,positive,24,0.6304237092070927,0.06626070735471418,150,15000,0.005410164100497676
Qwen2.5-3B-Instruct,posneg,positive,25,0.6341156989814134,0.06734333490026966,150,15000,0.005498560269434098
Qwen2.5-3B-Instruct,posneg,positive,26,0.628280466490836,0.06870933069538357,150,15000,0.0056100933590613146
Qwen2.5-3B-Instruct,posneg,positive,27,0.611431764838666,0.07804332914960592,150,15000,0.006372211141487037
Qwen2.5-3B-Instruct,posneg,positive,28,0.6020125228014753,0.08072468458308449,150,15000,0.006591142895855761
Qwen2.5-3B-Instruct,posneg,positive,29,0.5901247531994135,0.09150931051787456,150,15000,0.007471703916089817
Qwen2.5-3B-Instruct,posneg,positive,30,0.5600890101265036,0.09112910415595307,150,15000,0.0074406601966342314
Qwen2.5-3B-Instruct,posneg,positive,31,0.4902188065879089,0.10145939936583313,150,15000,0.008284125268518345
Qwen2.5-3B-Instruct,posneg,positive,32,0.32995402409764935,0.0865263849624605,150,15000,0.0070648497481885205
Qwen2.5-3B-Instruct,posneg,positive,33,0.2503086363337783,0.07529334395377747,150,15000,0.006147675790487458
Qwen2.5-3B-Instruct,posneg,positive,34,0.24333328698924864,0.06746450330374505,150,15000,0.0055084536281495115
Qwen2.5-3B-Instruct,posneg,positive,35,0.29662002977587004,0.06291854395668316,150,15000,0.005137277601758264
